datetime,average,volume
1279317600000,0.05,20
1279404000000,0.07,75.01
1279490400000,0.09,574
1279576800000,0.08,262
1279663200000,0.07,575
1279749600000,0.06,2160
1279836000000,0.06,2402.5
1279922400000,0.05,496.32
1280008800000,0.05,1551.48
1280095200000,0.05,877
1280181600000,0.06,3373.69
1280268000000,0.06,4390.29
1280354400000,0.07,8058.49
1280440800000,0.07,3020.85
1280527200000,0.06,4022.25
1280613600000,0.06,2601
1280700000000,0.06,3599
1280786400000,0.06,9821.46
1280872800000,0.06,3494
1280959200000,0.06,5034.07
1281045600000,0.06,1395
1281132000000,0.06,2619
1281218400000,0.06,2201
1281304800000,0.07,13631.09
1281391200000,0.07,1310.39
1281477600000,0.07,14061.18
1281564000000,0.07,2062.31
1281650400000,0.07,3591.77
1281736800000,0.07,4404.2
1281823200000,0.07,4462.87
1281909600000,0.06,10731.47
1281996000000,0.07,13185.74
1282082400000,0.07,2953.98
1282168800000,0.07,741.12
1282255200000,0.07,4199.75
1282341600000,0.07,10443.86
1282428000000,0.06,18648.97
1282514400000,0.07,4297.49
1282600800000,0.07,6711.76
1282687200000,0.07,4228.88
1282773600000,0.07,3870.01
1282860000000,0.06,9009.97
1282946400000,0.06,6174.01
1283032800000,0.06,3173.4
1283119200000,0.06,34193.14
1283205600000,0.06,14886.91
1283292000000,0.06,7164.72
1283378400000,0.06,8150.73
1283464800000,0.06,892
1283551200000,0.06,3301
1283637600000,0.06,8459.24
1283724000000,0.06,910
1283810400000,0.06,3457.19
1283896800000,0.06,2345.41
1283983200000,0.06,1733.5
1284069600000,0.06,4939.79
1284156000000,0.06,7749.14
1284242400000,0.06,793.88
1284328800000,0.06,10076.34
1284415200000,0.06,14014.81
1284501600000,0.06,3651.85
1284588000000,0.06,730
1284674400000,0.06,7262
1284760800000,0.06,7092.61
1284847200000,0.06,12852.17
1284933600000,0.06,14307.94
1285020000000,0.06,5735.95
1285106400000,0.06,11560.4
1285192800000,0.06,15505.33
1285279200000,0.06,684.38
1285365600000,0.06,2152.5
1285452000000,0.06,12058.13
1285538400000,0.06,10752.25
1285624800000,0.06,7086.15
1285711200000,0.06,23475.64
1285797600000,0.06,7917.03
1285884000000,0.06,1717.45
1285970400000,0.06,13059.74
1286056800000,0.06,7172.63
1286143200000,0.06,33995.37
1286229600000,0.06,27526.61
1286316000000,0.06,33433.3
1286402400000,0.06,43692.98
1286488800000,0.08,139287.29
1286575200000,0.09,187846.95
1286661600000,0.1,50684.19
1286748000000,0.1,14092.91
1286834400000,0.09,25660.75
1286920800000,0.1,47557.27
1287007200000,0.1,37217.28
1287093600000,0.1,24643.33
1287180000000,0.1,6284.71
1287266400000,0.1,18222.19
1287352800000,0.1,25665.09
1287439200000,0.1,6235.1
1287525600000,0.1,31855
1287612000000,0.1,44867
1287698400000,0.11,34603.91
1287784800000,0.11,4423.47
1287871200000,0.11,13800.23
1287957600000,0.15,30299.64
1288044000000,0.16,19219.13
1288130400000,0.18,65605.87
1288216800000,0.19,21525.04
1288303200000,0.19,28686.85
1288389600000,0.19,26708.94
1288476000000,0.19,40337.76
1288566000000,0.19,21258.61
1288652400000,0.19,5853.39
1288738800000,0.19,61472.63
1288825200000,0.21,29698.43
1288911600000,0.24,36622.07
1288998000000,0.29,32756.13
1289084400000,0.36,77218.72
1289170800000,0.32,118203.83
1289257200000,0.27,47983.39
1289343600000,0.2,30387.03
1289430000000,0.22,5031.88
1289516400000,0.26,40720.39
1289602800000,0.29,21915.57
1289689200000,0.28,16844.33
1289775600000,0.27,8507.74
1289862000000,0.25,33931.01
1289948400000,0.26,32871.6
1290034800000,0.27,37446.67
1290121200000,0.27,2157.56
1290207600000,0.28,14652.69
1290294000000,0.28,765
1290380400000,0.28,28205.85
1290466800000,0.28,4856.92
1290553200000,0.28,2514.91
1290639600000,0.28,1679.6
1290726000000,0.28,33531.88
1290812400000,0.28,1825.39
1290898800000,0.28,20802.13
1290985200000,0.25,35055.4
1291071600000,0.21,21476.25
1291158000000,0.21,8157.89
1291244400000,0.24,20312.23
1291330800000,0.25,2570.34
1291417200000,0.23,28560.72
1291503600000,0.21,5740.18
1291590000000,0.2,4319.26
1291676400000,0.22,24592.92
1291762800000,0.23,3430.41
1291849200000,0.21,21336.33
1291935600000,0.19,1684.25
1292022000000,0.22,5788.69
1292108400000,0.21,1963.56
1292194800000,0.22,6415.59
1292281200000,0.23,10388.1
1292367600000,0.24,3684.68
1292454000000,0.25,14355.33
1292540400000,0.25,525.51
1292626800000,0.25,169.11
1292713200000,0.24,2000.76
1292799600000,0.26,10682.71
1292886000000,0.25,9225.79
1292972400000,0.25,3800.46
1293058800000,0.25,8650.15
1293145200000,0.25,5033.25
1293231600000,0.25,703
1293318000000,0.25,16584.97
1293404400000,0.26,4935.49
1293490800000,0.27,15438.71
1293577200000,0.29,18609.14
1293663600000,0.3,2539.87
1293750000000,0.29,1453.72
1293836400000,0.3,2821.24
1293922800000,0.3,5352.11
1294009200000,0.3,1425.19
1294095600000,0.29,1879
1294182000000,0.3,357.16
1294268400000,0.3,3456.49
1294354800000,0.31,42601.12
1294441200000,0.31,1629.44
1294527600000,0.32,1691.37
1294614000000,0.32,10355.83
1294700400000,0.32,4857.8
1294786800000,0.34,31359.77
1294873200000,0.36,20118.9
1294959600000,0.39,27130.96
1295046000000,0.39,1515.66
1295132400000,0.39,2778.71
1295218800000,0.35,18241.15
1295305200000,0.32,15671.51
1295391600000,0.31,7291.63
1295478000000,0.35,19881.98
1295564400000,0.4,8477.55
1295650800000,0.43,10534.27
1295737200000,0.44,1148.4
1295823600000,0.41,11061.94
1295910000000,0.42,2163.72
1295996400000,0.41,15564.81
1296082800000,0.44,27708.2
1296169200000,0.43,5324.5
1296255600000,0.44,1448.38
1296342000000,0.46,10383.59
1296428400000,0.51,63516.08
1296514800000,0.74,31562.12
1296601200000,0.73,5627.48
1296687600000,0.71,8524.5
1296774000000,0.8,42222.19
1296860400000,0.86,15786.81
1296946800000,0.87,8744.11
1297033200000,0.86,2264.28
1297119600000,0.9,7021.29
1297206000000,0.96,49632.5
1297292400000,0.96,26559.64
1297378800000,0.99,13299.18
1297465200000,1.06,4118.92
1297551600000,1.05,3240.64
1297638000000,1.06,7096.55
1297724400000,1.05,8616.58
1297810800000,1.04,7192.38
1297897200000,1.04,4009.84
1297983600000,0.89,36948.16
1298070000000,0.91,3798.71
1298156400000,0.85,9974.05
1298242800000,0.84,1700.12
1298329200000,0.88,12095.26
1298415600000,0.9,6718.87
1298502000000,0.95,13418.69
1298588400000,0.96,4461.06
1298674800000,0.94,4744.41
1298761200000,0.93,23268.75
1298847600000,0.88,4651.67
1298934000000,0.95,22569.78
1299020400000,0.92,2741.87
1299106800000,0.92,2746.67
1299193200000,0.91,2711.89
1299279600000,0.88,12570.59
1299366000000,0.85,12626.49
1299452400000,0.89,15271.27
1299538800000,0.87,4527.85
1299625200000,0.85,4546.05
1299711600000,0.89,8869.01
1299798000000,0.89,3725.51
1299884400000,0.9,4822.83
1299970800000,0.9,660.31
1300057200000,0.89,5269.24
1300143600000,0.88,2732.16
1300230000000,0.85,7929.62
1300316400000,0.84,7159.78
1300402800000,0.77,14226.22
1300489200000,0.76,9875.04
1300575600000,0.77,5815.32
1300662000000,0.75,3695.96
1300748400000,0.78,12147.72
1300834800000,0.83,13262.26
1300921200000,0.88,14009.37
1301007600000,0.88,4819.42
1301094000000,0.87,11756.42
1301180400000,0.83,5337.15
1301263200000,0.81,12565.15
1301349600000,0.79,4215.02
1301436000000,0.79,3218.22
1301522400000,0.79,6875.08
1301608800000,0.78,3186.77
1301695200000,0.79,2493.59
1301781600000,0.78,3931.39
1301868000000,0.69,31155.46
1301954400000,0.67,9730.3
1302040800000,0.72,8703.95
1302127200000,0.75,10832.99
1302213600000,0.76,18207.3
1302300000000,0.74,12119.4
1302386400000,0.74,5348.98
1302472800000,0.77,14645.93
1302559200000,0.85,48417.6
1302645600000,0.93,43397.56
1302732000000,0.95,31111.88
1302818400000,1,50304.61
1302904800000,1.04,28869.3
1302991200000,1.08,24225.7
1303077600000,1.15,27478.69
1303164000000,1.18,12556.73
1303250400000,1.16,21344.95
1303336800000,1.18,39295.69
1303423200000,1.29,39415.39
1303509600000,1.55,66620.36
1303596000000,1.67,21541.69
1303682400000,1.58,13471.6
1303768800000,1.67,24054.31
1303855200000,1.89,33055.26
1303941600000,2.03,100238.23
1304028000000,2.59,57577.32
1304114400000,3.29,65427.8
1304200800000,3.14,45772.07
1304287200000,3.24,18333.83
1304373600000,3.32,16919.18
1304460000000,3.44,17278.29
1304546400000,3.41,15350.34
1304632800000,3.48,23014.7
1304719200000,3.61,17833.29
1304805600000,3.77,21132.51
1304892000000,3.8,11520.93
1304978400000,4.74,56217.32
1305064800000,5.35,52569.15
1305151200000,5.83,31722.46
1305237600000,7.48,64003.37
1305324000000,7.86,55390.45
1305410400000,6.74,18294.87
1305496800000,7.77,44141.41
1305583200000,7.52,35345.46
1305669600000,7.14,25403.44
1305756000000,6.96,24436.41
1305842400000,6.28,44460.44
1305928800000,5.97,31111.9
1306015200000,6.47,23872.15
1306101600000,7.1,35279.88
1306188000000,7.23,29282.48
1306274400000,7.98,64049.94
1306360800000,8.55,28644.99
1306447200000,8.67,14431.84
1306533600000,8.45,12247.72
1306620000000,8.3,7487.54
1306706400000,8.72,17680.15
1306792800000,8.88,45794.43
1306879200000,9.21,43479.96
1306965600000,10.11,41047.27
1307052000000,13.08,72980.24
1307138400000,16.41,44475.34
1307224800000,17.32,24278.97
1307311200000,18.46,55092.47
1307397600000,19.9,53715.04
1307484000000,27.25,104925.16
1307570400000,29.58,62933.66
1307656800000,24.67,92208.2
1307743200000,17.61,121869.97
1307829600000,16.21,151194.16
1307916000000,20.11,73421.79
1308002400000,19.25,36155.99
1308088800000,19.68,27711.9
1308175200000,18.86,49202.14
1308261600000,15.51,108623.77
1308348000000,16.04,35536.55
1308434400000,17.77,30176.74
1309039200000,15.59,15053.93
1309125600000,17.01,31452.54
1309212000000,16.93,24398.15
1309298400000,16.88,21043.37
1309384800000,16.51,34961.19
1309471200000,15.9,33284.45
1309557600000,15.53,19453.24
1309644000000,15.48,16792.29
1309730400000,14.48,52276.99
1309816800000,12.8,84081.15
1309903200000,14.8,111818.32
1309989600000,15.16,54465.7
1310076000000,14.35,34853.42
1310162400000,14.39,11909.17
1310248800000,15.08,45284.42
1310335200000,14.37,49160.01
1310421600000,14.15,26356.51
1310508000000,14.03,10338.15
1310594400000,13.93,17661.16
1310680800000,13.9,24819.54
1310767200000,13.62,17264.49
1310853600000,13.34,34375.47
1310940000000,13.03,75896.31
1311026400000,14.04,67575.61
1311112800000,13.69,23177.9
1311199200000,13.66,25018.37
1311285600000,13.65,15165.62
1311372000000,13.64,22455.6
1311458400000,13.86,26623.26
1311544800000,14.2,31577.96
1311631200000,13.91,16793.86
1311717600000,13.96,11508.66
1311804000000,13.61,32738.27
1311890400000,13.51,7257.51
1311976800000,13.53,6104.38
1312063200000,13.52,45723.44
1312149600000,13.17,21748.09
1312236000000,12.39,57242.69
1312322400000,10.45,90287.33
1312408800000,10.58,50094.1
1312495200000,10.27,30765.69
1312581600000,7.82,102411.73
1312668000000,7.72,89830.96
1312754400000,7.74,34042.22
1312840800000,9.72,114472.78
1312927200000,10,24254.45
1313013600000,9.47,58114.56
1313100000000,9.32,41592.12
1313186400000,9.8,29759.76
1313272800000,10.61,44142.85
1313359200000,11.3,38183.53
1313445600000,11.05,15334.63
1313532000000,10.88,22939.98
1313618400000,10.9,8222.8
1313704800000,11.4,33765.21
1313791200000,11.49,9940.27
1313877600000,11.38,8787.2
1313964000000,11.03,37055.32
1314050400000,11.03,12797.1
1314136800000,10.94,7852.55
1314223200000,10.01,55547.42
1314309600000,8.65,83026.56
1314396000000,8.63,22010.04
1314482400000,8.97,24159.85
1314568800000,8.93,21685.29
1314655200000,8.78,11810.88
1314741600000,8.35,19683.08
1314828000000,8.22,11912.68
1314914400000,8.44,16836.29
1315000800000,8.53,6975.23
1315087200000,8.17,19719.6
1315173600000,7.62,30846.84
1315260000000,6.73,82558.56
1315346400000,7.03,49687.4
1315432800000,6.8,31944.44
1315519200000,5.31,217540.23
1315605600000,5.03,44639.39
1315692000000,6.06,145150.7
1315778400000,6.04,64182.61
1315864800000,5.79,26147.95
1315951200000,5.55,45360.18
1316037600000,4.97,88688.37
1316124000000,4.81,32338.46
1316210400000,4.77,23095.8
1316296800000,5.11,47284.85
1316383200000,5.26,52915.08
1316469600000,6.1,120257.28
1316556000000,5.62,71983.35
1316642400000,5.49,35211.01
1316728800000,5.59,57873.1
1316815200000,5.41,20257.37
1316901600000,5.32,12219.25
1316988000000,4.95,58824.78
1317074400000,4.84,32240.24
1317160800000,4.74,35035.38
1317247200000,4.7,16923.63
1317333600000,5.01,42893.6
1317420000000,5.05,23967.33
1317506400000,4.98,10982.6
1317592800000,4.94,19569.47
1317679200000,4.9,20007.76
1317765600000,4.86,20570.04
1317852000000,4.68,57609.01
1317938400000,4.29,98871.79
1318024800000,4.03,40238.24
1318111200000,4.19,38169.59
1318197600000,4.1,17580.38
1318284000000,3.95,41837.43
1318370400000,4.07,70098.1
1318456800000,4.08,20669.62
1318543200000,4,21444.18
1318629600000,3.89,42895.66
1318716000000,3.64,37512.1
1318802400000,2.85,208676.35
1318888800000,2.62,88365.65
1318975200000,2.28,102479.86
1319061600000,2.31,49371.88
1319148000000,2.54,73851.07
1319234400000,3.01,121360.17
1319320800000,3.08,37764.56
1319407200000,2.81,92803.84
1319493600000,2.74,102426.43
1319580000000,2.75,30326.81
1319666400000,2.92,59449.56
1319752800000,3.11,53410.78
1319839200000,3.54,80533.65
1319925600000,3.38,51820.79
1320015600000,3.19,31543
1320102000000,3.19,38666.72
1320188400000,3.23,32727.8
1320274800000,3.21,24922.18
1320361200000,3.13,40625.69
1320447600000,3.01,53518.09
1320534000000,2.96,17543.6
1320620400000,3,24480.55
1320706800000,3.09,62115.94
1320793200000,3,52850.96
1320879600000,2.87,34708.29
1320966000000,2.97,45292.63
1321052400000,3.06,20995.48
1321138800000,3,9780.33
1321225200000,2.51,384475.29
1321311600000,2.3,77616
1321398000000,2.46,44834.6
1321484400000,2.23,120547.36
1321570800000,2.14,99565.69
1321657200000,2.17,79753.9
1321743600000,2.28,80777.15
1321830000000,2.23,43745.57
1321916400000,2.31,35273.62
1322002800000,2.32,41113.77
1322089200000,2.42,88867.34
1322175600000,2.47,45361.86
1322262000000,2.48,36412.63
1322348400000,2.46,23125.54
1322434800000,2.51,42519.93
1322521200000,2.79,181329.33
1322607600000,2.91,121003.03
1322694000000,3.05,65503.57
1322780400000,3.1,58549.86
1322866800000,2.93,123933.65
1322953200000,2.75,95772.81
1323039600000,2.87,31533.18
1323126000000,2.98,57102.26
1323212400000,3,59401.09
1323298800000,2.95,41242.33
1323385200000,2.99,35346.14
1323471600000,3.04,75433.74
1323558000000,3.2,109957.11
1323644400000,3.18,40857.21
1323730800000,3.21,33480.66
1323817200000,3.12,73772.18
1323903600000,3.17,30782.06
1323990000000,3.18,30928.62
1324076400000,3.19,16957
1324162800000,3.2,11370.34
1324249200000,3.41,141522.49
1324335600000,3.97,187493.36
1324422000000,3.93,49632.1
1324508400000,3.79,57621.99
1324594800000,3.9,21101.04
1324681200000,3.92,15579.42
1324767600000,4.14,81062.98
1324854000000,4.04,89435.39
1324940400000,4.02,31427.07
1325026800000,4.14,34619.22
1325113200000,4.22,53844.05
1325199600000,4.19,41730.95
1325286000000,4.6,131056.91
1325372400000,5.1,109715.97
1325458800000,5.21,69590.26
1325545200000,4.95,126201.41
1325631600000,5.25,132302.61
1325718000000,6.2,184803.98
1325804400000,6.79,220874.48
1325890800000,6.72,48824.63
1325977200000,7.03,59204.52
1326063600000,6.47,149622.35
1326150000000,6.4,110797.84
1326236400000,6.81,100713.58
1326322800000,6.74,141157.89
1326409200000,6.61,61030.15
1326495600000,6.59,142982.47
1326582000000,6.9,62699
1326668400000,6.83,123869.49
1326754800000,6.04,214178.93
1326841200000,5.98,227363.99
1326927600000,6.18,115458.7
1327014000000,6.44,67356.71
1327100400000,6.29,65100.95
1327186800000,6.29,45282.24
1327273200000,6.29,18596.26
1327359600000,6.3,36081.52
1327446000000,5.88,133966.24
1327532400000,5.59,124483.63
1327618800000,5.29,117072.29
1327705200000,5.57,90550.07
1327791600000,5.48,47093.57
1327878000000,5.51,42757.95
1327964400000,5.53,49164.86
1328050800000,5.82,116746.22
1328137200000,6.03,55553.16
1328223600000,5.92,60462.79
1328310000000,5.92,21085.53
1328396400000,5.68,121375.76
1328482800000,5.55,90794.3
1328569200000,5.62,73672.9
1328655600000,5.64,239256.37
1328742000000,5.75,91046.61
1328828400000,5.87,40471.4
1328914800000,5.7,70863.96
1329001200000,5.6,83126.79
1329087600000,5.34,171158.03
1329174000000,4.7,299210.01
1329260400000,4.58,162859.25
1329346800000,4.19,167515.15
1329433200000,4.46,137178.35
1329519600000,4.27,71150.88
1329606000000,4.35,63161.55
1329692400000,4.37,39136.55
1329778800000,4.31,53194.52
1329865200000,4.44,105451.97
1329951600000,4.82,166366.72
1330038000000,4.97,91451.54
1330124400000,4.88,86781.01
1330210800000,4.95,71192.69
1330297200000,4.93,31086.06
1330383600000,4.87,64203.91
1330470000000,4.82,28961.23
1330556400000,4.92,46227.35
1330642800000,4.69,131794.73
1330729200000,4.67,41061.89
1330815600000,4.8,59641.4
1330902000000,4.93,68645.8
1330988400000,4.97,46425.13
1331074800000,4.92,48072.34
1331161200000,4.87,59191.1
1331247600000,4.89,34399.55
1331334000000,4.8,29747.44
1331420400000,4.89,44034.84
1331506800000,4.87,24334.29
1331593200000,5.15,131788.79
1331679600000,5.35,66557.18
1331766000000,5.3,44431.88
1331852400000,5.33,34279.84
1331938800000,5.31,40292.56
1332025200000,5.22,26124.69
1332111600000,4.88,191687.46
1332198000000,4.79,68414.9
1332284400000,4.81,48284.29
1332370800000,4.75,62474.51
1332457200000,4.69,56575.33
1332543600000,4.65,40124.4
1332630000000,4.5,73543.36
1332712800000,4.64,72253.66
1332799200000,4.66,77518.59
1332885600000,4.79,39295.33
1332972000000,4.73,43595.84
1333058400000,4.77,44664.89
1333144800000,4.88,37531.15
1333231200000,4.78,38084.05
1333317600000,4.92,87369.1
1333404000000,4.9,80447.8
1333490400000,4.91,57336.28
1333576800000,4.9,38277.52
1333663200000,4.93,62942.73
1333749600000,4.8,84456.12
1333836000000,4.71,44932.46
1333922400000,4.75,43886.22
1334008800000,4.8,61971.73
1334095200000,4.88,71299.88
1334181600000,4.86,56477.15
1334268000000,4.85,102566.45
1334354400000,4.97,68489.72
1334440800000,4.92,34633.22
1334527200000,4.91,42116.87
1334613600000,4.95,33894.46
1334700000000,5.07,86727.91
1334786400000,5.13,56162.11
1334872800000,5.22,111485.44
1334959200000,5.27,63914.19
1335045600000,5.18,39302.21
1335132000000,5.12,54538.37
1335218400000,5.06,81969.36
1335304800000,5.12,39131.01
1335391200000,5.07,64780.5
1335477600000,5.07,28907.87
1335564000000,4.96,95364.25
1335650400000,4.94,23229.31
1335736800000,4.94,59158.68
1335823200000,4.96,38468
1335909600000,5.07,104859.74
1335996000000,5.08,40204.15
1336082400000,5.11,48139.82
1336168800000,5.04,24771.14
1336255200000,5.04,23482.3
1336341600000,5.03,50476.44
1336428000000,5.02,72979.72
1336514400000,5.04,44314.25
1336600800000,4.95,78061.25
1336687200000,4.92,70556.8
1336773600000,4.94,25803.42
1336860000000,4.95,16229.36
1336946400000,4.98,57834.77
1337032800000,4.99,54264.45
1337119200000,5.06,75923.36
1337205600000,5.07,30047.27
1337292000000,5.09,57383.59
1337378400000,5.09,26725.79
1337464800000,5.1,21998.3
1337551200000,5.07,44937.69
1337637600000,5.07,49853.61
1337724000000,5.12,58979.29
1337810400000,5.11,32712.16
1337896800000,5.1,29328.53
1337983200000,5.09,23228.41
1338069600000,5.08,21810.05
1338156000000,5.11,32343.98
1338242400000,5.1,66644.92
1338328800000,5.13,44846.12
1338415200000,5.15,44661.34
1338501600000,5.23,50232.96
1338588000000,5.21,20113.96
1338674400000,5.19,16266.07
1338760800000,5.23,54323.51
1338847200000,5.38,90656.65
1338933600000,5.43,45219.39
1339020000000,5.49,54470.68
1339106400000,5.61,61181.09
1339192800000,5.57,44492.86
1339279200000,5.46,32005.42
1339365600000,5.49,47167.89
1339452000000,5.62,93311.58
1339538400000,5.85,64507.92
1339624800000,5.88,44520.73
1339711200000,6.1,73004.44
1339797600000,6.45,90218.81
1339884000000,6.31,54035.76
1339970400000,6.26,51429.69
1340056800000,6.43,48431.62
1340143200000,6.6,71171.79
1340229600000,6.68,54898.3
1340316000000,6.58,60850.21
1340402400000,6.48,25262.29
1340488800000,6.38,40691.77
1340575200000,6.3,71616.14
1340661600000,6.38,57115.29
1340748000000,6.52,58209.52
1340834400000,6.56,49106.69
1340920800000,6.59,38683.2
1341007200000,6.64,27561.15
1341093600000,6.6,25330.1
1341180000000,6.68,43933.47
1341266400000,6.55,76599.93
1341352800000,6.5,38970.5
1341439200000,6.64,50333.45
1341525600000,6.63,47667.23
1341612000000,6.76,42251.16
1341698400000,6.77,21116.88
1341784800000,6.86,73697.58
1341871200000,7.09,77769.99
1341957600000,7.1,44687.51
1342044000000,7.28,70243.04
1342130400000,7.63,69318.06
1342216800000,7.59,17583.27
1342303200000,7.57,29043.65
1342389600000,8.05,111331.33
1342476000000,8.33,219914.13
1342562400000,9,115863.21
1342648800000,9.08,53925.27
1342735200000,8.2,159917.65
1342821600000,8.87,144540.61
1342908000000,8.61,32479.96
1342994400000,8.46,156081.22
1343080800000,8.61,45954.35
1343167200000,8.58,69053.13
1343253600000,8.75,35892.42
1343340000000,8.88,28979.01
1343426400000,8.85,18784.9
1343512800000,8.76,13047.72
1343599200000,8.92,58025.42
1343685600000,9.24,72372.2
1343772000000,9.4,77790.61
1343858400000,10.1,133500.85
1343944800000,10.71,68492.76
1344031200000,10.99,56356.48
1344117600000,10.6,74893.19
1344204000000,10.87,58822.31
1344290400000,10.81,49110.5
1344376800000,11.01,36054.13
1344463200000,11.32,110042.08
1344549600000,11.37,73648.72
1344636000000,11.49,23214.23
1344722400000,11.62,33231.76
1344808800000,11.75,64277.98
1344895200000,12.08,48977.86
1344981600000,12.6,63282.19
1345068000000,13.22,103915.27
1345154400000,13.31,235650.61
1345240800000,11.86,92818.45
1345327200000,9.09,249729.48
1345413600000,9.51,204044.64
1345500000000,10.03,78668.01
1345586400000,9.91,78584.19
1345672800000,10,60424.94
1345759200000,10.26,98993.86
1345845600000,10.44,42241.23
1345932000000,10.55,28418.87
1346018400000,11.18,185233.96
1346104800000,10.89,63646.47
1346191200000,10.84,59451.87
1346277600000,10.75,33838.4
1346364000000,10.19,72571.66
1346450400000,9.99,25437.8
1346536800000,10.04,27734.48
1346623200000,10.34,25474.93
1346709600000,10.3,38972.25
1346796000000,10.73,65899.54
1346882400000,10.94,74206.45
1346968800000,11.1,39152.61
1347055200000,10.97,28322.97
1347141600000,11.03,16380.47
1347228000000,11.03,47204.29
1347314400000,11.08,75121.59
1347400800000,11.19,64111.18
1347487200000,11.33,24141.76
1347573600000,11.56,48362.47
1347660000000,11.69,17872.55
1347746400000,11.86,33453.18
1347832800000,11.86,32445.04
1347919200000,12.03,48650.96
1348005600000,12.39,46488.63
1348092000000,12.47,36550.42
1348178400000,12.26,39632.85
1348264800000,12.2,16883.95
1348351200000,11.99,43087.01
1348437600000,12.06,34894
1348524000000,12.06,26572.57
1348610400000,12.19,28237.39
1348696800000,12.27,25350.73
1348783200000,12.3,32460.78
1348869600000,12.36,20366.46
1348956000000,12.35,8988.13
1349042400000,12.28,34870.12
1349128800000,12.56,64776.82
1349215200000,12.75,45955.38
1349301600000,12.84,45182.37
1349388000000,12.68,38600.62
1349474400000,12.56,27373.05
1349560800000,12.01,69334.49
1349647200000,11.25,104904.54
1349733600000,11.97,51277.94
1349820000000,12.01,34123.19
1349906400000,12,24797.92
1349992800000,12.03,24497.5
1350079200000,11.88,17933.5
1350165600000,11.82,25397.74
1350252000000,11.68,33192.16
1350338400000,11.78,43937.75
1350424800000,11.83,28917.74
1350511200000,11.85,25350.12
1350597600000,11.73,35461.38
1350684000000,11.69,25415.8
1350770400000,11.61,13272.01
1350856800000,11.65,44351.68
1350943200000,11.69,61934.65
1351029600000,11.62,27142.88
1351116000000,11.02,92861.45
1351202400000,10.28,106642.45
1351288800000,10.35,51384.62
1351375200000,10.53,25587.27
1351465200000,10.61,44750.23
1351551600000,10.7,33111.96
1351638000000,10.99,46251.5
1351724400000,10.92,55264.75
1351810800000,10.54,32224.55
1351897200000,10.48,23415.75
1351983600000,10.55,24983.78
1352070000000,10.63,34120.42
1352156400000,10.76,33778.21
1352242800000,10.92,39218.3
1352329200000,10.85,33039.05
1352415600000,10.81,19607.82
1352502000000,10.83,15512.98
1352588400000,10.72,17455
1352674800000,10.93,47678.8
1352761200000,10.95,22279.24
1352847600000,10.93,27473.31
1352934000000,11.04,37641.72
1353020400000,11.44,71109.72
1353106800000,11.64,22861.43
1353193200000,11.68,19002.6
1353279600000,11.67,34362.57
1353366000000,11.68,31729.4
1353452400000,11.69,24904.22
1353538800000,12.03,72827.06
1353625200000,12.25,23456.66
1353711600000,12.34,22289.96
1353798000000,12.46,27182.54
1353884400000,12.34,42345.29
1353970800000,12.07,42522.06
1354057200000,12.25,37384.25
1354143600000,12.39,33220.13
1354230000000,12.51,29914.19
1354316400000,12.53,18864.06
1354402800000,12.51,17544.52
1354489200000,12.52,35479.17
1354575600000,12.98,72189.04
1354662000000,13.25,35903
1354748400000,13.37,53775.91
1354834800000,13.32,42176.21
1354921200000,13.43,15035.46
1355007600000,13.22,31278.72
1355094000000,13.36,34636.18
1355180400000,13.47,32268.06
1355266800000,13.57,43791.71
1355353200000,13.62,31077.61
1355439600000,13.57,77911.06
1355526000000,13.51,17542.09
1355612400000,13.35,46291.31
1355698800000,13.18,73051.61
1355785200000,13.2,29564
1355871600000,13.34,47991.84
1355958000000,13.45,41102.42
1356044400000,13.45,31065.18
1356130800000,13.36,18573.4
1356217200000,13.21,25849.15
1356303600000,13.34,19562.39
1356390000000,13.29,15642.04
1356476400000,13.3,19006.14
1356562800000,13.32,24556.32
1356649200000,13.38,30944.49
1356735600000,13.47,27808.65
1356822000000,13.41,13857.1
1356908400000,13.44,17896.89
1356994800000,13.31,31853.98
1357081200000,13.29,20312.5
1357167600000,13.32,22633.92
1357254000000,13.38,34171.37
1357340400000,13.38,27169.79
1357426800000,13.42,14226.85
1357513200000,13.44,32428.79
1357599600000,13.66,52160.01
1357686000000,13.69,35185.69
1357772400000,14.02,60055.16
1357858800000,14.1,44371.21
1357945200000,14.15,30051.71
1358031600000,14.09,41193.78
1358118000000,14.19,28206.93
1358204400000,14.19,58576.77
1358290800000,14.49,53760.72
1358377200000,15.14,73812.04
1358463600000,15.64,65803.2
1358550000000,15.45,37437.3
1358636400000,15.67,30272.25
1358722800000,16.35,75081.41
1358809200000,17.13,68353.86
1358895600000,17.2,58029.56
1358982000000,17.77,196388.19
1359068400000,16.69,89204.88
1359154800000,17.13,39107.78
1359241200000,17.57,30029.41
1359327600000,18.29,66002.95
1359414000000,19.14,98623.96
1359500400000,19.43,50809.65
1359586800000,20.53,110063.46
1359673200000,20.7,56241.42
1359759600000,19.48,88436.87
1359846000000,20.22,39662.34
1359932400000,20.41,58735.06
1360018800000,20.53,33855.04
1360105200000,21.04,59688.86
1360191600000,21.55,73905.38
1360278000000,22.4,53216.59
1360364400000,23.19,42377.2
1360450800000,23.41,60795.35
1360537200000,24.04,35954.71
1360623600000,25.06,86860.84
1360710000000,25.47,97711.36
1360796400000,25.41,162321.04
1360882800000,26.95,58499.74
1360969200000,27.07,24540.34
1361055600000,26.38,87142.75
1361142000000,26.73,34429.7
1361228400000,28.18,112747.46
1361314800000,29.47,42609.44
1361401200000,29.68,40153.53
1361487600000,30.44,76379.26
1361574000000,28.97,80200.86
1361660400000,29.75,26618.85
1361746800000,30.04,29653.38
1361833200000,30.95,49485.72
1361919600000,31.08,37887.46
1362006000000,32.67,138125.89
1362092400000,34.19,45365.71
1362178800000,33.86,39788.04
1362265200000,34.01,14788.04
1362351600000,35.29,57204.62
1362438000000,39.28,95428.74
1362524400000,45.18,141609.11
1362610800000,40.87,178461.07
1362697200000,43.08,52731.55
1362783600000,45.28,50008.93
1362870000000,46.69,40086.8
1362956400000,47.41,48474.26
1363042800000,43.65,201142.18
1363129200000,46.16,57816.08
1363215600000,47.08,43657.33
1363302000000,46.68,23820.41
1363388400000,46.52,19493.93
1363474800000,46.85,17862.61
1363561200000,48.63,77088.62
1363647600000,55.13,129661.05
1363734000000,61.85,105618.69
1363820400000,68.89,111903.98
1363906800000,70.45,83401.32
1363993200000,62.5,168065.43
1364079600000,68.62,48755.53
1364166000000,74.02,91673.15
1364252400000,77.23,67194.66
1364338800000,84.86,83382.56
1364425200000,87.49,160136.7
1364511600000,88.81,92719.81
1364598000000,91.55,41577.77
1364684400000,92.59,24755.36
1364767200000,99.53,106952.72
1364853600000,107.26,98947.44
1364940000000,127.86,186715.45
1365026400000,131.07,102388.61
1365112800000,138.43,83915.14
1365199200000,140.64,27491.06
1365285600000,152.79,76530.37
1365372000000,180.39,139433.88
1365458400000,213.72,127331.55
1365544800000,181.66,257543.79
1365631200000,131.95,218886.18
1365717600000,84.59,659349.51
1365804000000,108.55,287902.09
1365890400000,97.19,187043.01
1365976800000,86.91,286922.12
1366063200000,65.39,668549.18
1366149600000,84.85,396386.46
1366236000000,96.78,208772.7
1366322400000,118.46,315048.39
1366408800000,122.9,91508.55
1366495200000,119.29,136283.87
1366581600000,121.95,74864.49
1366668000000,132.85,143728.1
1366754400000,150.41,275135.75
1366840800000,142.61,225732
1366927200000,131.75,156197.3
1367013600000,130.5,75215.8
1367100000000,132.3,37734.27
1367186400000,141.03,91371.08
1367272800000,138.98,82894.47
1367359200000,120.87,225293.59
1367445600000,106.65,287744.21
1367532000000,91.35,306215.37
1367618400000,106.64,170565.04
1367704800000,113.48,102653.46
1367791200000,117.03,183629.07
1367877600000,106.63,171517.12
1367964000000,112.94,77523.07
1368050400000,111.15,37593.99
1368136800000,117.3,96380.03
1368223200000,115.24,35699.94
1368309600000,114.25,26969.05
1368396000000,116.34,34113.79
1368482400000,114.33,107436.99
1368568800000,109.6,141461.11
1368655200000,114.23,56914.72
1368741600000,119.9,97045.1
1368828000000,121.96,29456.47
1368914400000,120.08,28457.9
1369000800000,120.47,24287.85
1369087200000,120.06,20873.61
1369173600000,120.96,29564.88
1369260000000,123.55,35215.72
1369346400000,128.8,68705.96
1369432800000,129.9,25080.39
1369519200000,132.96,30120.69
1369605600000,128.94,59002.65
1369692000000,127.18,32154.11
1369778400000,129.37,32147.57
1369864800000,129.11,37663.43
1369951200000,127.95,24090.49
1370037600000,128.1,11267.32
1370124000000,121.94,123928.63
1370210400000,119.12,42772.89
1370296800000,120.9,33315.41
1370383200000,121.11,24405.15
1370469600000,119.73,28975.87
1370556000000,112.35,92399.83
1370642400000,109.07,27044.26
1370728800000,98,196833.56
1370815200000,104.68,85067.77
1370901600000,106.83,24965.08
1370988000000,108.85,29365.16
1371074400000,105.08,43700.99
1371160800000,100.54,51765.6
1371247200000,100.38,29365.04
1371333600000,99.92,13401.97
1371420000000,100.72,21984.87
1371506400000,106.87,78856.12
1371592800000,106.95,27099.22
1371679200000,110.04,56288.06
1371765600000,108.13,56816.04
1371852000000,105.02,15586.35
1371938400000,104.93,17227.4
1372024800000,101.35,45260.96
1372111200000,103.65,103866.38
1372197600000,102.27,19089.91
1372284000000,100.59,21456.73
1372370400000,95.06,72398.29
1372456800000,95.08,33063.51
1372543200000,94.26,13506.33
1372629600000,89.03,85698.58
1372716000000,88.13,45900.65
1372802400000,82.75,103433.7
1372888800000,77.9,98695.33
1372975200000,70.82,140692.07
1373061600000,69.05,65519.42
1373148000000,70.26,54933.2
1373234400000,76,86388.61
1373320800000,74.49,54473.51
1373407200000,81.09,96022.46
1373493600000,86.41,59484.18
1373580000000,95.07,147428.21
1373666400000,91.8,46105.44
1373752800000,93.97,19616.22
1373839200000,96.51,52064.24
1373925600000,95.2,28743.7
1374012000000,95.32,27262.3
1374098400000,88.31,87345.71
1374184800000,89.65,38600.97
1374271200000,89.09,15263.38
1374357600000,87.78,13105.41
1374444000000,88.33,18288.74
1374530400000,90.9,40822.92
1374616800000,91.07,25687.95
1374703200000,93.4,35790.24
1374789600000,93.13,20568.6
1374876000000,92.72,20458.46
1374962400000,96.84,52991.77
1375048800000,97.5,38700.33
1375135200000,100.15,42966.3
1375221600000,104.48,69414.88
1375308000000,101.46,25061.31
1375394400000,101.33,46419.57
1375480800000,100.24,14569.03
1375567200000,100.79,10879.3
1375653600000,101.91,28471.36
1375740000000,102.11,24455.34
1375826400000,100.82,16721.42
1375912800000,99.23,43338.62
1375999200000,97.51,25121.11
1376085600000,96.99,8911.43
1376172000000,100.37,12519.09
1376258400000,102.04,29121.04
1376344800000,102.21,33031
1376431200000,108.21,72480.15
1376517600000,105.28,26917.83
1376604000000,103.99,23846.62
1376690400000,107.16,19071.91
1376776800000,109.05,13373.43
1376863200000,112.91,76343.18
1376949600000,114.14,37158.65
1377036000000,115.2,59210.74
1377122400000,115.7,28463.42
1377208800000,114.32,31221.96
1377295200000,114.52,14653.33
1377381600000,114.69,19954.85
1377468000000,115.53,23949.59
1377554400000,124.04,77800.87
1377640800000,123.32,24815.3
1377727200000,122.43,18865.07
1377813600000,131.48,67461.78
1377900000000,136.3,55761.55
1377986400000,137.57,24668.12
1378072800000,136.42,22802.17
1378159200000,134.05,19437.14
1378245600000,129.29,85410.78
1378332000000,120.35,44792.71
1378418400000,124.22,33377.3
1378504800000,120.75,14262.01
1378591200000,126.59,57222.03
1378677600000,126.94,25354.35
1378764000000,130.69,53157.14
1378850400000,134.53,50670.6
1378936800000,135.52,38311.19
1379023200000,129.14,20949.7
1379109600000,130.53,16089.19
1379196000000,131.33,22227.68
1379282400000,132.08,22774.02
1379455200000,131.21,26711.27
1379541600000,128.62,41562.83
1379628000000,128.24,22850.23
1379714400000,128.55,11417.9
1379833127000,128.06,10628.17
1379919545000,126.31,17558.1
1380006005000,128.18,27631.77
1380092461000,128.75,16530.79
1380178925000,131.45,34038.96
1380265348000,133.32,33382.66
1380351751000,138.57,26714.24
1380438183000,134.09,22006.41
1380524586000,133.89,28514.51
1380611030000,133.03,22718.9
1380697486000,120.06,226914.21
1380827614000,129.35,39464.33
1380914025000,128.55,10802.91
1381000442000,128.49,10040.79
1381086845000,128.11,18644.37
1381173272000,125.91,28096.35
1381259691000,130.99,44948.46
1381346140000,129.9,34144.61
1381432549000,130.38,22165.88
1381518969000,135.12,20943.53
1381605376000,137.08,29829.71
1381691829000,139.51,74916.35
1381778258000,144.47,42628.21
1381864687000,143.64,103192.23
1381951101000,145.91,62348.49
1382037518000,155.01,74351.37
1382123930000,168.86,114807.53
1382210339000,172.73,23938.37
1382296792000,182.4,68448.07
1382383209000,191.33,92232.28
1382469658000,209.45,84204.17
1382556112000,194.62,193890.28
1382642542000,181.1,109426.17
1382728966000,176.29,57916.09
1382815390000,193.52,35146.36
1382945211000,200.07,28493.26
1383031628000,202.44,42501.5
1383118039000,200.79,41369.6
1383204482000,203.94,23644.71
1383294227000,206.72,15064.62
1383380630000,205.83,13422.34
1383467088000,215.62,41493.4
1383553529000,230.78,80070.86
1383639934000,255.44,147146.68
1383726342000,287.71,147248.8
1383812759000,312.74,155413.28
1383899206000,346.52,138789.22
1383985612000,325.83,192155.86
1384072221000,331.3,112161.91
1384158637000,354.66,65959.83
1384245039000,370.9,69252.37
1384331495000,416.68,127250.03
1384417913000,420.77,67524.83
1384504352000,431.69,93530.82
1384590758000,469.78,61575.13
1384677215000,548.26,135794.76
1384763680000,685.75,256530.82
1384850107000,494.68,247274.82
1384936516000,641.23,173925.71
1385022927000,707.05,114468.26
1385109357000,825.75,88121.34
1385195786000,744.89,87719.58
1385282240000,793.33,53279.88
1385368695000,833.38,84248.95
1385455110000,913.95,100421.91
1385541556000,978.51,109643.99
1385627996000,1072.83,124035.72
1385714410000,1132.26,72867.05
1385800862000,1075.16,72943.81
1385887266000,1019.95,199731.84
1385973690000,1047.96,80979.68
1386060143000,1099.04,45625.03
1386146575000,999.66,101170.67
1386232986000,1022.37,160181.89
1386321477000,654.74,303160.89
1386407909000,773.43,178798.02
1386494357000,897.01,124223.05
1386580778000,921.97,70705.81
1386667206000,937.26,78426.99
1386753611000,872.32,72343.9
1386840064000,930.74,49790.52
1386926488000,877.83,41211.04
1387012926000,836.09,39810.82
1387099380000,839.93,39443.16
1387185814000,706.34,244756.57
1387272257000,510.37,235283.75
1387358661000,613.76,301117.78
1387445066000,700.52,159920.18
1387531514000,618.86,112141.93
1387617936000,655.24,66668.62
1387704368000,640.85,46897.3
1387790822000,666.12,44987.34
1387877254000,672.89,33220.44
1387963706000,719.59,41444.95
1388050151000,752.38,84710.63
1388136584000,734.4,49976.62
1388222995000,722.38,37859.22
1388309432000,750.57,30801.12
1388395874000,748.49,26426.36
1388489628000,764.27,36325.63
1388576072000,772.53,19297.95
1388662495000,822.89,61518.38
1388748898000,821.99,36000.73
1388835306000,867.79,48393.86
1388921750000,985.68,96038.26
1389008153000,921.75,75467.1
1389094558000,859.49,128116.85
1389181013000,839.62,53781.12
1389267447000,837.04,62614.05
1389353879000,912.61,54529.02
1389440290000,865.96,39706.11
1389526692000,834.12,44586.99
1389567604000,844.98,54144.11
1389654000000,835.78,24985.16
1389740408000,862.07,32649.46
1389826807000,838.21,23002.56
1389913210000,813.31,47884.43
1389999609000,839.19,21406.37
1390086035000,861.84,28215.05
1390172421000,875.4,31563.81
1390258814000,867.11,21412.07
1390345201000,845.83,21868.39
1390431604000,822.17,18944.62
1390518055000,797.71,43853.92
1390604467000,851.38,29263.69
1390690841000,883.38,36357.04
1390777230000,766.78,64094.28
1390863648000,816.7,55294.71
1390950036000,826.39,21468.23
1391036414000,817.87,36533.65
1391122843000,828.59,20596.43
1391209203000,835.89,23624.54
1391295656000,825.2,13672.78
1391382027000,823.46,16957.35
1391468413000,827.99,20056.54
1391554846000,819.26,27792.53
1391641252000,780.31,63977.3
1391727625000,717.83,161328.03
1391814032000,670.33,55535.44
1391900440000,682.23,57449.77
1391986812000,676.76,166214.54
1392073222000,666.46,107912.78
1392159617000,654.43,38785.54
1392246019000,612.75,64193.68
1392332433000,662.32,154492.4
1392418831000,651.9,40860.73
1392505265000,616.21,65059.82
1392591653000,626.5,50938.53
1392678049000,624.72,32018.5
1392764444000,622.97,22216.79
1392850839000,561.11,84532.03
1392937229000,572.19,82281.2
1393023632000,599.38,51923.57
1393110034000,608.41,52166.54
1393196421000,547.09,106498.99
1393282818000,534.45,237300.42
1393369204000,584.61,110551.05
1393455618000,581.38,44204.55
1393542027000,550.46,51151.03
1393628423000,566.61,32891.13
1393714829000,555.06,14204.37
1393801215000,664.47,143857.44
1393887643000,668.28,82883.68
1393974019000,665.21,33744.66
1394060452000,662.57,24348.76
1394146803000,629.34,54257.53
1394233210000,619.60,30236.41
1394319606000,639.43,24236.44
1394406015000,627.14,32750.42
1394492416000,633.59,18562.57
1394578819000,632.34,29628.12
1394665213000,637.79,18036.5
1394751617000,628.58,18946.23
1394838019000,636.21,6803.49
1394924410000,631.25,8366.2
1395010862000,623.53,17963.53
1395097228000,615.01,31447.73
1395183644000,611.73,16447.26
1395270054000,589.44,28301.72
1395356400000,583.54,52998.17
1395442800000,564.65,24897.92
1395529200000,565.22,13391.03
1395615600000,564.73,30156.82
1395702000000,578.68,18790.04
1395788400000,581.52,22495.02
1395874800000,543.82,109159.77
1395961200000,503.01,91621.98
1396047600000,500.07,16356.33
1396134000000,471.09,80698.83
1396216800000,458.09,59826.55
1396303200000,476.87,63306.79
1396389600000,467.04,97003.55
1396476000000,434.93,74799.24
1396562400000,444.67,39286.65
1396648800000,453.05,22202.22
1396735200000,460.59,16659.23
1396821600000,454.27,28821.66
1396908000000,452.20,18278.9
1396994400000,449.19,23264.93
1397080800000,408.25,135210.85
1397167200000,403.02,131367.54
1397253600000,424.79,39776.88
1397340000000,415.41,47557.75
1397426400000,445.59,94188.12
1397512800000,486.85,81578.85
1397599200000,515.49,88542.05
1397685600000,504.83,57953.96
1397772000000,485.42,32004.42
1397858400000,491.08,30558.57
1397944800000,501.70,16730.35
1398031200000,499.55,23640.75
1398117600000,493.34,19330.23
1398204000000,488.63,15586.34
1398290400000,489.40,19537.09
1398376800000,463.80,84930.17
1398463200000,456.53,23980.66
1398549600000,452.09,21001.36
1398636000000,436.26,44068.04
1398722400000,444.15,30202.32
1398808800000,445.35,26482.49
1398895200000,454.09,22738.28
1398981600000,449.10,18905.04
1399068000000,441.07,19146.09
1399154400000,434.60,11001.47
1399240800000,432.23,18722.26
1399327200000,428.70,22964.42
1399413600000,435.90,34871.02
1399500000000,442.42,14106.38
1399586400000,446.84,17502.51
1399672800000,451.34,11646.1
1399759200000,444.80,23965.5
1399845600000,438.84,12774.53
1399932000000,439.40,13379.13
1400018400000,443.49,16017.65
1400104800000,446.80,11522.36
1400191200000,447.16,9825.74
1400277600000,448.14,4550.64
1400364000000,445.32,4476.59
1400450400000,444.40,11148.29
1400536800000,464.52,70527.5
1400623200000,491.21,22381.18
1400709600000,508.41,49507.53
1400796000000,527.67,52710.48
1400882400000,520.32,15764.04
1400968800000,559.61,68410.26
1401055200000,580.07,40559.08
1401141600000,573.56,54030.94
1401228000000,571.91,24920.52
1401314400000,566.58,22550.39
1401400800000,597.72,38462.07
1401487200000,616.22,15852.64
1401573600000,642.24,54293.67
1401660000000,634.73,57457.59
1401746400000,662.61,46367.13
1401832800000,641.51,44283.07
1401919200000,651.69,30878.15
1402005600000,656.11,19262.58
1402092000000,652.76,17934.89
1402178400000,656.12,9547.67
1402264800000,649.94,21163.28
1402351200000,653.12,19918.31
1402437600000,645.15,30723.25
1402524000000,624.00,71904.37
1402610400000,598.00,47769.77
1402696800000,577.28,54130.56
1402783200000,566.00,31634.55
1402869600000,596.49,37329.04
1402956000000,599.09,23109.82
1403042400000,609.31,21886.42
1403128800000,605.83,17090.38
1403215200000,594.02,23267.92
1403301600000,593.19,11417.5
1403388000000,601.15,13285.81
1403474400000,592.28,17115.46
1403560800000,591.13,18322.21
1403647200000,571.09,26402.87
1403820000000,596.80,24480.34
1403906400000,597.29,14013.89
1403992800000,596.25,8607.83
1404079200000,620.34,52224.25
1404165600000,649.84,41279.9
1404252000000,646.47,20912.51
1404338400000,645.58,15907.44
1404424800000,638.29,20246.8
1404511200000,630.62,7565.63
1404597600000,634.93,9705.26
1404684000000,628.50,18240.23
1404770400000,624.29,8967.03
1404856800000,625.86,9165.84
1404943200000,619.91,16026.48
1405029600000,624.24,14466.42
1405116000000,633.97,10468.6
1405202400000,631.43,9156.71
1405288800000,623.23,11707.33
1405375200000,624.10,10370.58
1405461600000,620.34,13039.14
1405548000000,619.90,16634.38
1405634400000,624.10,14845.98
1405720800000,628.73,6417.61
1405807200000,628.12,5540.18
1405893600000,621.46,11680.53
1405980000000,623.47,9136.77
1406066400000,622.66,7185.55
1406152800000,610.40,20090.35
1406239200000,601.30,9552.12
1406325600000,597.41,9012.73
1406412000000,595.49,5918.58
1406498400000,582.88,20304.79
1406584800000,584.62,9392.04
1406671200000,579.54,13623.5
1406757600000,570.70,16788.01
1406844000000,591.77,17769.37
1406930400000,590.91,7196.24
1407016800000,586.31,8684.97
1407103200000,587.15,8040.34
1407189600000,587.36,8830.63
1407276000000,584.88,9462.53
1407362400000,586.42,12034.61
1407448800000,592.52,8954.75
1407535200000,590.12,5236.28
1407621600000,591.21,4659.8
1407708000000,586.15,14516.96
1407794400000,571.70,14541.99
1407880800000,553.52,32634.45
1407967200000,520.65,54063.13
1408053600000,506.43,32198.4
1408140000000,501.26,23765.56
1408226400000,505.48,20723.15
1408312800000,474.31,68999.49
1408399200000,472.36,37381.27
1408485600000,488.25,43527.17
1408572000000,520.69,45137.23
1408658400000,514.50,35883.97
1408744800000,506.31,24385.97
1408831200000,504.99,16364.33
1408917600000,504.67,19688.82
1409004000000,508.87,23391.81
1409090400000,516.07,21086.99
1409176800000,511.75,16927.79
1409263200000,508.86,16727.07
1409349600000,504.92,11455.55
1409436000000,489.34,73307.68
1409522400000,479.72,22381.06
1409608800000,479.02,25439.48
1409695200000,482.82,8113.45
1409781600000,486.63,29230.49
1409868000000,487.75,16169.69
1409954400000,487.79,8987.46
1410040800000,487.67,7999.81
1410127200000,473.02,39954.21
1410213600000,471.13,26564.23
1410300000000,481.77,27752.75
1410386400000,478.94,19612.01
1410472800000,477.33,15458.77
1410559200000,479.07,19232.97
1410645600000,479.60,10885.2
1410732000000,477.72,18019.84
1410818400000,472.61,13083.78
1410904800000,460.26,22284.14
1410991200000,439.52,40398.92
1411077600000,406.31,46780.4
1411164000000,410.60,33666.29
1411250400000,400.54,23119.49
1411336800000,401.72,22811.39
1411423200000,409.99,48739.87
1411509600000,426.70,29033.86
1411596000000,413.87,24249.5
1411682400000,407.22,19833.14
1411768800000,405.46,10804.42
1411855200000,394.67,23664.47
1411941600000,378.48,32794.17
1412028000000,380.46,36746.82
1412114400000,384.02,25490.55
1412200800000,380.86,29609.55
1412287200000,369.30,54319.34
1412373600000,346.79,84637.21
1412460000000,316.77,172981.44
1412546400000,323.47,151146.82
1412632800000,329.34,73099.21
1412719200000,338.90,84536.21
1412805600000,363.05,128425.02
